"DESCRIPTION","DURATION IN MS","NAME","PARENT SUITE","START TIME","STATUS","STOP TIME","SUB SUITE","SUITE","TEST CLASS","TEST METHOD"
"","5459","Пользователь с ролью инженера имеет доступ только на просмотр запущенного эксперимента @role=engineer @regression @mock","webkit","2026-09-30","passed","2026-09-30","","experiments/permissions.test.ts","",""
"","10389","Фича может быть заархивирована и разархивирована @role=admin @regression","chromium","2026-09-30","passed","2026-09-30","","features/feature-lifecycle.test.ts","",""
"","13959","Пользователь с ролью инженера имеет доступ только на просмотр запущенного эксперимента @role=engineer @regression @mock","firefox","2026-09-30","passed","2026-09-30","","experiments/permissions.test.ts","",""
"","14976","Фича может быть заархивирована и разархивирована @role=admin @regression","firefox","2026-09-30","passed","2026-09-30","","features/feature-lifecycle.test.ts","",""
"","11665","Остановка эксперимента с выводом ""Won"" @role=experimenter @regression @mock","chromium","2026-09-30","passed","2026-09-30","","experiments/experiment-lifecycle.test.ts","",""
"","5994","Старт нового эксперимента @role=experimenter @regression @smoke @mock","webkit","2026-09-30","passed","2026-09-30","","experiments/experiment-lifecycle.test.ts","",""
"","10975","Старт нового эксперимента @role=experimenter @regression @smoke @mock","chromium","2026-09-30","passed","2026-09-30","","experiments/experiment-lifecycle.test.ts","",""
"","17532","Остановка эксперимента с выводом ""Won"" @role=experimenter @regression @mock","webkit","2026-09-30","passed","2026-09-30","","experiments/experiment-lifecycle.test.ts","",""
"","10625","Пользователь с ролью инженера имеет доступ только на просмотр запущенного эксперимента @role=engineer @regression @mock","chromium","2026-09-30","passed","2026-09-30","","experiments/permissions.test.ts","",""
"","16262","Остановка эксперимента с выводом ""Won"" @role=experimenter @regression @mock","firefox","2026-09-30","passed","2026-09-30","","experiments/experiment-lifecycle.test.ts","",""
"","14292","Фича может быть заархивирована и разархивирована @role=admin @regression","webkit","2026-09-30","passed","2026-09-30","","features/feature-lifecycle.test.ts","",""
"","12421","Старт нового эксперимента @role=experimenter @regression @smoke @mock","firefox","2026-09-30","passed","2026-09-30","","experiments/experiment-lifecycle.test.ts","",""
